{
  "placeholderImages": [
    {
      "id": "student-1",
      "description": "Avatar for Suresh K",
      "imageUrl": "https://images.unsplash.com/photo-1540569014015-19a7be504e3a?crop=entropy&cs=tinysrgb&fit=max&fm=jpg&ixid=M3w3NDE5ODJ8MHwxfHNlYXJjaHw0fHxwZXJzb24lMjBwb3J0cmFpdHxlbnwwfHx8fDE3NTg2OTE2MTR8MA&ixlib=rb-4.1.0&q=80&w=1080",
      "imageHint": "person portrait"
    },
    {
      "id": "student-2",
      "description": "Avatar for Maria Garcia",
      "imageUrl": "https://images.unsplash.com/photo-1506794778202-cad84cf45f1d?crop=entropy&cs=tinysrgb&fit=max&fm=jpg&ixid=M3w3NDE5ODJ8MHwxfHNlYXJjaHw2fHxwZXJzb24lMjBwb3J0cmFpdHxlbnwwfHx8fDE3NTg2OTE2MTR8MA&ixlib=rb-4.1.0&q=80&w=1080",
      "imageHint": "person portrait"
    },
    {
      "id": "student-3",
      "description": "Avatar for Chen Wei",
      "imageUrl": "https://images.unsplash.com/photo-1540569014015-19a7be504e3a?crop=entropy&cs=tinysrgb&fit=max&fm=jpg&ixid=M3w3NDE5ODJ8MHwxfHNlYXJjaHw0fHxwZXJzb24lMjBwb3J0cmFpdHxlbnwwfHx8fDE3NTg2OTE2MTR8MA&ixlib=rb-4.1.0&q=80&w=1080",
      "imageHint": "person portrait"
    },
    {
      "id": "student-4",
      "description": "Avatar for Priya Patel",
      "imageUrl": "https://images.unsplash.com/photo-1535643302794-19c3804b874b?crop=entropy&cs=tinysrgb&fit=max&fm=jpg&ixid=M3w3NDE5ODJ8MHwxfHNlYXJjaHw4fHxwZXJzb24lMjBwb3J0cmFpdHxlbnwwfHx8fDE3NTg2OTE2MTR8MA&ixlib=rb-4.1.0&q=80&w=1080",
      "imageHint": "person portrait"
    },
    {
      "id": "student-5",
      "description": "Avatar for Sam O'Connell",
      "imageUrl": "https://images.unsplash.com/photo-1438761681033-6461ffad8d80?crop=entropy&cs=tinysrgb&fit=max&fm=jpg&ixid=M3w3NDE5ODJ8MHwxfHNlYXJjaHwyfHxwZXJzb24lMjBwb3J0cmFpdHxlbnwwfHx8fDE3NTg2OTE2MTR8MA&ixlib=rb-4.1.0&q=80&w=1080",
      "imageHint": "person portrait"
    },
    {
      "id": "student-6",
      "description": "Avatar for Fatima Al-Jamil",
      "imageUrl": "https://images.unsplash.com/photo-1540569014015-19a7be504e3a?crop=entropy&cs=tinysrgb&fit=max&fm=jpg&ixid=M3w3NDE5ODJ8MHwxfHNlYXJjaHw0fHxwZXJzb24lMjBwb3J0cmFpdHxlbnwwfHx8fDE3NTg2OTE2MTR8MA&ixlib=rb-4.1.0&q=80&w=1080",
      "imageHint": "person portrait"
    },
    {
      "id": "project-1",
      "description": "Project image for EcoTrack",
      "imageUrl": "https://images.unsplash.com/photo-1661884438136-056ec19f145c?crop=entropy&cs=tinysrgb&fit=max&fm=jpg&ixid=M3w3NDE5ODJ8MHwxfHNlYXJjaHw1fHxuYXR1cmUlMjB0ZWNobm9sb2d5fGVufDB8fHx8MTc1ODYzOTQ3Nnww&ixlib=rb-4.1.0&q=80&w=1080",
      "imageHint": "nature technology"
    },
    {
      "id": "project-2",
      "description": "Project image for HealthAI",
      "imageUrl": "https://images.unsplash.com/photo-1655993810480-c15dccf9b3a0?crop=entropy&cs=tinysrgb&fit=max&fm=jpg&ixid=M3w3NDE5ODJ8MHwxfHNlYXJjaHw4fHxtZWRpY2FsJTIwdGVjaG5vbG9neXxlbnwwfHx8fDE3NTg3MTk5ODN8MA&ixlib=rb-4.1.0&q=80&w=1080",
      "imageHint": "medical technology"
    },
    {
      "id": "project-3",
      "description": "Project image for CodeCollab",
      "imageUrl": "https://images.unsplash.com/photo-1684326163029-bd3d713d8a6d?crop=entropy&cs=tinysrgb&fit=max&fm=jpg&ixid=M3w3NDE5ODJ8MHwxfHNlYXJjaHw3fHxjb2RpbmclMjBjb2xsYWJvcmF0aW9ufGVufDB8fHx8MTc1ODY4NjQ4M3ww&ixlib=rb-4.1.0&q=80&w=1080",
      "imageHint": "coding collaboration"
    },
    {
      "id": "project-4",
      "description": "Project image for Artify",
      "imageUrl": "https://images.unsplash.com/photo-1618005198919-d3d4b5a92ead?crop=entropy&cs=tinysrgb&fit=max&fm=jpg&ixid=M3w3NDE5ODJ8MHwxfHNlYXJjaHw4fHxkaWdpdGFsJTIwYXJ0fGVufDB8fHx8MTc1ODY5MzQzMHww&ixlib=rb-4.1.0&q=80&w=1080",
      "imageHint": "digital art"
    },
    {
      "id": "project-5",
      "description": "Project image for UrbanNav",
      "imageUrl": "https://images.unsplash.com/photo-1581922819941-6ab31ab79afc?crop=entropy&cs=tinysrgb&fit=max&fm=jpg&ixid=M3w3NDE5ODJ8MHwxfHNlYXJjaHw5fHxjaXR5JTIwbWFwfGVufDB8fHx8MTc1ODY3NjUxMXww&ixlib=rb-4.1.0&q=80&w=1080",
      "imageHint": "city map"
    },
    {
      "id": "project-6",
      "description": "Project image for SoundWave",
      "imageUrl": "https://images.unsplash.com/photo-1558431067-56df3a462f22?crop=entropy&cs=tinysrgb&fit=max&fm=jpg&ixid=M3w3NDE5ODJ8MHwxfHNlYXJjaHwzfHxtdXNpYyUyMGF1ZGlvfGVufDB8fHx8MTc1ODcwMDgxMHww&ixlib=rb-4.1.0&q=80&w=1080",
      "imageHint": "music audio"
    },
    {
      "id": "college-1",
      "description": "Campus image for MIT",
      "imageUrl": "https://images.unsplash.com/photo-1583373834259-46cc92173cb7?crop=entropy&cs=tinysrgb&fit=max&fm=jpg&ixid=M3w3NDE5ODJ8MHwxfHNlYXJjaHw1fHx1bml2ZXJzaXR5JTIwY2FtcHVzfGVufDB8fHx8MTc1ODY3OTkwN3ww&ixlib=rb-4.1.0&q=80&w=1080",
      "imageHint": "university campus"
    },
    {
      "id": "college-2",
      "description": "Campus image for Stanford",
      "imageUrl": "https://images.unsplash.com/photo-1605299670824-00515e81b924?crop=entropy&cs=tinysrgb&fit=max&fm=jpg&ixid=M3w3NDE5ODJ8MHwxfHNlYXJjaHw2fHx1bml2ZXJzaXR5JTIwYnVpbGRpbmd8ZW58MHx8fHwxNzU4NTk3MzQzfDA&ixlib=rb-4.1.0&q=80&w=1080",
      "imageHint": "university building"
    },
    {
      "id": "college-3",
      "description": "Campus image for IIT Bombay",
      "imageUrl": "https://images.unsplash.com/photo-1646400592070-b337fbfe61f0?crop=entropy&cs=tinysrgb&fit=max&fm=jpg&ixid=M3w3NDE5ODJ8MHwxfHNlYXJjaHw1fHxjb2xsZWdlJTIwYXJjaGl0ZWN0dXJlfGVufDB8fHx8MTc1ODcyMTczN3ww&ixlib=rb-4.1.0&q=80&w=1080",
      "imageHint": "college architecture"
    }
  ]
}